market_id,avg_congestion,median_delivery_minutes
,0.933854316644116,47.5
1.0,0.9582053525507362,48.35
6.0,1.0214226952595937,44.641666666666666
4.0,0.9866971608209303,43.35
2.0,0.9614192159466918,45.4
3.0,0.8959319051291895,44.416666666666664
5.0,0.8649099925448364,43.5
